Diane	Abbott	Newnham College, Cambridge	history	No occupation found	Historical & philosophical studies
Debbie	Abrahams	University of Salford, University of Liverpool	biochemistry and physiology at the University of Salford, and her early employment was as a community worker for a charity in Wythenshawe in south Manchester, where she set up job training programmes for teenagers, for a Masters degree at the University of Liverpool	Public health consultant	Subjects allied to medicine
Nigel	Adams	Selby High School		No occupation found	
Adam	Afriyie	Wye College/Imperial College London	agricultural economics from Wye College 	Politician	Agriculture & related subjects
Bob	Ainsworth	No university found		No occupation found	
Peter	Aldous	University of Reading	from the University of Reading with a degree in Land Management in 	MP	Agriculture & related subjects
Danny	Alexander	St Anne's College, Oxford	, Philosophy, Politics and Economics , a memo which showed that as a result of the cuts the government would be announcing up to , edit	Public relations	Social studies
Douglas	Alexander	University of Edinburgh	politics and modern history at the University of Edinburgh, in America, he worked for Michael Dukakis during the , from Edinburgh with a first, , for an LL, with Distinction in , as a solicitor, in 	No occupation found	Social studies
Heidi	Alexander	University of Durham	at Durham University where she received a BA in Geography and a Masters in European Urban and Regional Change	No occupation found	Social studies
Rushanara	Ali	St John's College, Oxford	her family to go to university, Ali studied Philosophy, Politics and Economics at St John	Politician	Social studies
Graham	Allen	University of Leeds, London Guildhall University	from City of London Polytechnic, and received an MA citation needed	No occupation found	
David	Amess	Bournemouth University	BSc degree with honours in Economics and Government	No occupation found	Social studies
David	Anderson	Durham University		No occupation found	
Stuart	Andrew	No university found		Charity Fundraiser	
James	Arbuthnot	Trinity College, Cambridge	law degree in 	No occupation found	Law
Jonathan	Ashworth	No university found		No occupation found	
Ian	Austin	University of Essex	at the University of Essex at Colchester from 	No occupation found	
Richard	Bacon	London School of Economics and Political Science	First in politics and economics	No occupation found	Social studies
Adrian	Bailey	University of Exeter, Loughborough University	in , in , skills in a Cheshire Comprehensive school	No occupation found	
William	Bain	No university found		No occupation found	
Norman	Baker	Royal Holloway, University of London	BA degree in German , it all  Baker	No occupation found	Languages
Steven	Baker	No university found		No occupation found	
Tony	Baldry	University of Sussex	Law	Barrister	Law
Harriett	Baldwin	No university found	Modern Languages 	No occupation found	Languages
Edward	Balls	No university found		No occupation found	
Gordon	Banks	No university found	a second penalty which Collar converted, and Leicester lost the game , for UEFA Euro , an OBE, an honorary doctorate from Keele University in February , in 	No occupation found	Medicine & dentistry
Stephen	Barclay	Peterhouse, Cambridge	history at Peterhouse, Cambridge and later studied at the College of Law, Chester, qualifying as a solicitor in 	Solicitor	Law
Gregory	Barker	Royal Holloway, University of London; London Business School	BA , History 	No occupation found	Historical & philosophical studies
John	Baron	Jesus College, Cambridge		No occupation found	
Kevin	Barron	Ruskin College	Diploma in Labour Studies in 	No occupation found	
Gavin	Barwell	Trinity College, Cambridge	degree in Natural Sciences from Trinity College, Cambridge, graduating in , in the Lords on , on 	No occupation found	Physical sciences
Hugh	Bayley	University of Bristol	Politics BSc degree in , a BPhil degree in Southern African Studies in 	No occupation found	Social studies
Guto	Bebb	University of Aberystwyth	from the University of Wales, Aberystwyth in 	Business development director	
Margaret	Beckett	University of Manchester Institute of Science and Technology	as a metallurgist	No occupation found	
Anne	Begg	University of Aberdeen	MA in History and Politics, Secondary Teaching Certificate in 	No occupation found	Social studies
Alan	Beith	Balliol College, Oxford and Nuffield College	Philosophy, Politics and Economics graduating in , Bachelor of Letters , of the Marriage , an honorary degree from Earlham College in Richmond, Indiana in , of the equal marriage bill	Politician	Social studies
Henry	Bellingham	Magdalene College, Cambridge	degree in law in 	No occupation found	Law
Hilary	Benn	University of Sussex	in Russian and East European Studies	No occupation found	Languages
Joe	Benton	No university found		No occupation found	
Richard	Benyon	Royal Agricultural College		No occupation found	
John	Bercow	University of Essex	from the University of Essex in , , with a first, Government from the University of Essex in , from university, Bercow was elected as the last National Chairman of the Federation of Conservative Students , edit	No occupation found	Social studies
Paul	Beresford	No university found		No occupation found	
Luciana	Berger	University of Birmingham, Birkbeck, University of London	degree in Commerce and Spanish and spent a year studying in ICADE in Madrid, , Government, Politics and Policy	No occupation found	Social studies
Jake	Berry	University of Sheffield and Chester College	for a Law degree at Sheffield University	Solicitor	Law
Clive	Betts	Pembroke College, Cambridge	BA in Economics and Politics	No occupation found	Social studies
Andrew	Bingham	University of Derby		Businessman	
Brian	Binley	No university found	six month driving ban in May 	Company Director	
Gordon	Birtwistle	No university found	engineering at Accrington College on one day release and two nights a week and achieved two higher nationals, one in mechanical engineering and one in production engineering	No occupation found	Engineering & technology
Bob	Blackman	University of Liverpool		No occupation found	
Roberta	Blackman-Woods	University of Ulster	with a BSc degree and later a PhD in Social Science	Academic	Social studies
Nicola	Blackwood	St Anne's College, Oxford and Emmanuel College, Cambridge	First in music, and later obtained an M	No occupation found	Creative arts & design
Hazel	Blears	Nottingham Trent University	with a BA , Law, and later, the Chester College of Law in 	Solicitor	Law
Tom	Blenkinsop	Teesside University	BSc in Philosophy, Politics and Economics, and the University of Warwick, where he was awarded an MA in Continental philosophy	No occupation found	Social studies
Paul	Blomfield	St John's College, York	certificate in education from York St John University	No occupation found	Education
David	Blunkett	University of Sheffield, Huddersfield Holly Bank College of Education (PGCE)	BA honours degree in Political Theory and Institutions, Post Graduate Certificate in Education , has shown that universities are now educating more than one, wide range of support, particularly among third sector organisations, status as an Academician of the Academy of Social Sciences	No occupation found	Social studies
Crispin	Blunt	Royal Military Academy Sandhurst	Regular Commission, before reading Politics at University College, Durham between , with a 	No occupation found	Social studies
Nicholas	Boles	Magdalen College, Oxford	PPE at Magdalen College, Oxford, then winning a Kennedy Scholarship to study for a Master	No occupation found	Social studies
Peter	Bone	No university found	out live on Sky Sports in January , in February , on 	Accountant	
Peter	Bottomley	Trinity College, Cambridge	economics at Trinity College, Cambridge, following his father, grandfather, father, knighthood 	No occupation found	Social studies
Karen	Bradley	Imperial College London	with a BSc in Mathematics	No occupation found	Mathematical sciences
Ben	Bradshaw	University of Sussex	for a degree in German, dentist	No occupation found	Subjects allied to medicine
Graham	Brady	St Aidan's College, Durham	with a BA in Law in 	No occupation found	Law
Tom	Brake	Imperial College London	BSc in Physics in 	No occupation found	Physical sciences
Angie	Bray	University of St Andrews	medieval history	No occupation found	Historical & philosophical studies
Julian	Brazier	Brasenose College, Oxford, London Business School	joint honours BA degree in mathematics and philosophy, later promoted to an Oxford MA, the Territorial Decoration in , the 	No occupation found	Mathematical sciences
Kevin	Brennan	Pembroke College, Oxford, Cardiff University, University of Glamorgan	in Philosophy, Politics and Economics in , at the University College of Wales, Cardiff where he qualified as a teacher with a PGCE in history in , Education Management at the University of Glamorgan in 	No occupation found	Social studies
Andrew	Bridgen	Nottingham University	genetics and behaviour at Nottingham University, graduating with a degree in Biological Sciences	Businessman	Biological sciences
Steve	Brine	University of Liverpool	History	No occupation found	Historical & philosophical studies
James	Brokenshire	University of Exeter	law at the University of Exeter before beginning work with a large international law firm, law at the University of Exeter	No occupation found	Law
Annette	Brooke	London School of Economics	BSc degree in Economics, as a teacher at Hughes Hall, Cambridge	No occupation found	Social studies
Gordon	Brown	University of Edinburgh	
, history at the same early age of sixteen, kick to the head and suffered a retinal detachment, from Edinburgh with First, history in , history , between , them a , edit	No occupation found	Historical & philosophical studies
Lyn	Brown	Roehampton University	crime fiction and walking	No occupation found	
Nick	Brown	University of Manchester	at the University of Manchester	No occupation found	
Russell	Brown	No university found		No occupation found	
Jeremy	Browne	University of Nottingham	politics	No occupation found	Social studies
Fiona	Bruce	No university found	French and Italian at Hertford College, Oxford, during which period she was a punk, and for one week had blue hair, the female Rear of the Year title for 	Television producer, news presenter, presenter	Languages
Malcolm	Bruce	University of St Andrews, University of Strathclyde	degree in economics and political science, and Strathclyde University where he received a second degree in marketing	No occupation found	Social studies
Chris	Bryant	Mansfield College, Oxford	BA degree in English in , further degree in theology	Author	Languages
Karen	Buck	London School of Economics	a BSc and a MSc in Economics, and a MA in Social Policy and Administration	Member of Parliament	Social studies
Robert	Buckland	Inns of Court School of Law, University of Durham	in Law in 	Barrister, Crown Court Recorder	Law
Richard	Burden	University of York, University of Warwick	degree in Politics and was the president of the Students, Master	No occupation found	Social studies
Aidan	Burley	St John's College, Oxford	theology at St John	No occupation found	
Andy	Burnham	Fitzwilliam College, Cambridge	for an English degree at Fitzwilliam College	No occupation found	Languages
Conor	Burns	University of Southampton	Modern History and Politics at the University of Southampton, of the bill	No occupation found	Social studies
Simon	Burns	Worcester College, Oxford	BA Honours Degree in Modern History , sensitive papers on the train, but this claim was immediately contradicted by the Cabinet Office	No occupation found	Historical & philosophical studies
David	Burrowes	University of Exeter		Solicitor	
Paul	Burstow	South Bank Polytechnic	degree in business studies	No occupation found	Business & administrative studies
Alistair	Burt	St John's College, Oxford	with a degree in jurisprudence law in , variety of corporate donations from conservative groups, the largest of which was 	No occupation found	Law
Lorely	Burt	University College, Swansea	in economics, Burt began her career in the Prison Service as an Assistant Governor at HM Prison Holloway before working for several national companies in personnel and training	No occupation found	Social studies
Dan	Byles	No university found	by the Ministry of Defence that year, Vipassana meditation at the Wat Ram Poeng Buddhist monastery in Chiang Mai, northern Thailand, one of thirty Army Cadetships, a university scholarship scheme no longer open to non medical, , an MA in Creative Writing from Nottingham Trent University, from Sandhurst, Byles was granted six months leave to row across the Atlantic , a Guinness World Record certificate for being the first mother and son team to row any ocean in 	No occupation found	Medicine & dentistry
Liam	Byrne	University of Manchester	at the University of Manchester, where he obtained a First class honours in Politics and Modern History and was elected the Communications Officer of the University of Manchester Students, at least , the details of London	No occupation found	Social studies
Vincent	Cable	No university found		No occupation found	
Alun	Cairns	No university found		No occupation found	
David	Cameron	Eton College	Philosophy, Politics and Economics , first, , , three A, his speech and it, in , from Bristol School of Creative Arts, edit	No occupation found	Social studies
Alan	Campbell	Lancaster University, University of Leeds, Northumbria University	a BA in Politics, PGCE at the University of Leeds, before finishing his education at the Newcastle Polytechnic with a MA in History	No occupation found	Social studies
Gregory	Campbell	University of Ulster	majority of 	No occupation found	
Menzies	Campbell	University of Glasgow, Stanford University	with a Scottish Master of Arts , scholarship to study at Stanford University in California, as an advocate before he became a politician, an honorary doctorate of law to former President Mohammad Khatami of Iran, which sparked some criticism, although as Chancellor he is only the titular head and not involved in such decisions	Politician, advocate, sprinter	Medicine & dentistry
Ronnie	Campbell	No university found		No occupation found	
Alistair	Carmichael	University of Aberdeen	at the University of Glasgow	No occupation found	
Neil	Carmichael	No university found		No occupation found	
Douglas	Carswell	University of East Anglia (BA)	with a degree in history in , with a degree in British Imperial History, Ian Plimer	No occupation found	Historical & philosophical studies
William	Cash	No university found		No occupation found	
Martin	Caton	No university found		No occupation found	
Sarah	Champion	No university found		No occupation found	
Jenny	Chapman	Brunel University	psychology at Brunel University, and later took an MA in archaeology at Durham University	No occupation found	Social studies
Rehman	Chishti	Aberystwyth University	law at Aberystwyth University, graduating in 	No occupation found	Law
Christopher	Chope	University of St Andrews	an LLB degree in , the OBE for his services to local government in , of the Alan Turing 	No occupation found	Social studies
James	Clappison	Queen's College, Oxford	with a Bachelor of Arts degree in Philosophy, Politics and Economics in 	No occupation found	Social studies
Greg	Clark	Magdalene College, Cambridge	Economics at Magdalene College, Cambridge, at the London School of Economics, where he was awarded his PhD in 	No occupation found	Social studies
Katy	Clark	University of Aberdeen	Diploma in Legal Practice from the University of Edinburgh in 	No occupation found	Law
Kenneth	Clarke	Gonville and Caius College, Cambridge	law at Gonville and Caius College and graduated with a , political history, and is popularly known for his love of suede Hush Puppies, a brand of shoes, which have been his 	No occupation found	Social studies
Tom	Clarke	No university found		No occupation found	
Nicholas	Clegg	No university found		No occupation found	
Geoffrey	Clifton-Brown	No university found		No occupation found	
Ann	Clwyd	University of Wales, Bangor	or external links, but its sources remain unclear because it lacks inline citations, her a University of Wales honorary degree	No occupation found	
Vernon	Coaker	University of Warwick, Trent Polytechnic	for an Economics and Politics BA , PGCE at Trent Polytechnic 	Teacher	Social studies
Ann	Coffey	London South Bank University	a BSc in Sociology in , PGCE in , as a teacher	No occupation found	Social studies
Therese	Coffey	Somerville College, University of Oxford	at Somerville College, Oxford, , PhD in Chemistry 	No occupation found	Physical sciences
Damian	Collins	St Benet's Hall, Oxford	in modern history	No occupation found	Historical & philosophical studies
Oliver	Colvile	No university found		Politician	
Michael	Connarty	University of Glasgow, University of Stirling	the layout guide to make sure the section will be inclusive of all essential details, at the University of Stirling, , BA in Economics in , at Jordanhill College and Glasgow University , Diploma in Childcare and Education , on 	No occupation found	Social studies
Rosie	Cooper	University of Liverpool		No occupation found	
Yvette	Cooper	Balliol College, Oxford	at Balliol College, Oxford, where she was awarded first class honours in Philosophy, Politics and Economics, Kennedy Scholarship in , at Harvard University, and she eventually finished her studies with an MSc in Economics at the London School of Economics, them for up to 	Economist	Social studies
Jeremy	Corbyn	Adams' Grammar School		No occupation found	
Geoffrey	Cox	Downing College, Cambridge	Law and Classics	No occupation found	Law
Stephen	Crabb	University of Bristol	a BSc 	Business Consultant	
David	Crausby	No university found		No occupation found	
Mary	Creagh	Pembroke College, Oxford	modern languages	No occupation found	Languages
Stella	Creasy	Magdalene College, Cambridge	social and political sciences at Magdalene College, Cambridge, she was awarded a PhD in social psychology in 	Psychologist	Social studies
Michael	Crockart	No university found	Social Sciences	No occupation found	Social studies
Tracey	Crouch	Hull University	from the University of Hull with a Law and Politics degree in , FA football coach 	No occupation found	Social studies
Jon	Cruddas	University of Warwick	with an M	Politician	
John	Cryer	University of Hertfordshire		No occupation found	
Alex	Cunningham	Darlington Technical College	a certificate in journalism in 	No occupation found	Mass communications & documentation
Jim	Cunningham	No university found		No occupation found	
Tony	Cunningham	University of Liverpool, Manchester Metropolitan University	BA degree in History and Politics in , as a teacher with a Postgraduate Certificate in Education in , rugby union coach and referee, and has played cricket and football, as well as rugby 	No occupation found	Social studies
Margaret	Curran	University of Glasgow		No occupation found	
Nicholas	Dakin	No university found		No occupation found	
Simon	Danczuk	University of Lancaster	at night school and gained qualifications he had missed out at secondary school before gaining a place at Lancaster University, studying economic sociology and politics as a mature student	Member of Parliament	Social studies
Alistair	Darling	University of Aberdeen	, a Bachelor of Laws , less than , more than , edit	No occupation found	Law
Edward	Davey	Jesus College, Oxford	a first class BA degree in Philosophy, Politics and Economics in , at Birkbeck College, London , the foreign affairs brief, and continued to retain his chairmanship of the party	No occupation found	Social studies
Wayne	David	Cardiff University, Swansea University	a BA in History and Welsh History in , Economic History at University College, Swansea, he returned to Cardiff and qualified as a teacher in , the Charles Morgan Prize for Welsh history in 	No occupation found	Historical & philosophical studies
Ian	Davidson	No university found		No occupation found	
David	Davies	No university found		No occupation found	
Geraint	Davies	No university found		No occupation found	
Glyn	Davies	No university found		No occupation found	
Philip	Davies	University of Huddersfield	a , History and Political Studies in 	No occupation found	Social studies
David	Davis	No university found		No occupation found	
Nick	de Bois	No university found		No occupation found	
Gloria	De Piero	University of Westminster	as a BA in Social Science from the University of Westminster in , MSc in Social and Political Theory from Birkbeck, University of London in 	Member of Parliament	Social studies
John	Denham	University of Southampton	up to 	No occupation found	
Caroline	Dinenage	Swansea University	Politics and English at Swansea University	No occupation found	Social studies
Jonathan	Djanogly	Oxford Polytechnic	Bachelor of Arts in law and politics in 	Solicitor	Social studies
Jim	Dobbin	Napier University	Bacteriology and Virology	No occupation found	
Frank	Dobson	London School of Economics	Economics at the London School of Economics, gaining a BSc in 	No occupation found	Social studies
Thomas	Docherty	No university found		No occupation found	
Nigel	Dodds	St John's College, Cambridge, Queen's University Belfast	at the Institute of Professional Legal Studies at Queen, the OBE in 	No occupation found	Law
Pat	Doherty	No university found		No occupation found	
Jeffrey M	Donaldson	No university found		No occupation found	
Brian H	Donohoe	No university found		No occupation found	
Frank	Doran	No university found		No occupation found	
Stephen	Dorrell	Brasenose College, Oxford	a Bachelor of Arts degree	No occupation found	
Nadine	Dorries	No university found	on , in the House of Commons, she argued that the bill being put forward before parliament avoided the issue of consummation and thus contradicted the Marriages Act , complaint about her behaviour, family members employed by MPs with a salary of 	No occupation found	
Stephen	Doughty	Corpus Christi College, Oxford	at Lester B, with a , Philosophy Politics and Economics, at Oxford, he was a founder member of the singing group Out of the Blue	No occupation found	Social studies
Jim	Dowd	No university found		No occupation found	
Gemma	Doyle	University of Glasgow		No occupation found	
Jackie	Doyle-Price	University of Durham	economics at University College, Durham, she worked for the Sheffield Enterprise Agency and for South Yorkshire Police, on 	No occupation found	Social studies
Richard	Drax	Harrow	with a Diploma in Rural Land Management in , Diploma in Journalism in , from the Royal Military Academy Sandhurst, Drax was commissioned into the Coldstream Guards, British Army, on , of the Marriage 	No occupation found	Agriculture & related subjects
Jack	Dromey	No university found	about it in the newspapers	No occupation found	
James	Duddridge	University of Essex	BA degree in government in 	No occupation found	Social studies
Michael	Dugher	No university found	from the University of Nottingham	No occupation found	
Alan	Duncan	St John's College, Oxford	at Harvard University between 	No occupation found	
Iain	Duncan Smith	Universit√† per Stranieri di Perugia	at the University of Perugia was later found to be false after an investigation by the BBC, , a living through work, the minimum wage, a state	Politician	
Philip	Dunne	No university found		No occupation found	
Mark	Durkan	Queen's University Belfast, University of Ulster	politics at the Queen	No occupation found	Social studies
Angela	Eagle	St John's College, Oxford	a Bachelor of Arts degree in Philosophy, Politics and Economics in 	No occupation found	Social studies
Maria	Eagle	Pembroke College, Oxford	a Bachelor of Arts degree in Philosophy, Politics and Economics in 	No occupation found	Social studies
Jonathan	Edwards	No university found		No occupation found	
Clive	Efford	No university found	as London taxi driver in , football coach	No occupation found	
Julie	Elliott	Newcastle Polytechnic	degree in Government and Public Policy at Newcastle Polytechnic	No occupation found	Social studies
Michael	Ellis	No university found		No occupation found	
Jane	Ellison	St Hilda's College, Oxford	at St Hilda	Politician	
Louise	Ellman	University of Hull	at the University of Hull where she received a BA in Sociology and History in , Social Administration at the University of York where she was awarded a MPhil in 	No occupation found	Social studies
Tobias	Ellwood	Loughborough University, London Business School	BA , an MBA	No occupation found	
Charlie	Elphicke	No university found	using American subjects and British political candidates, Daily Telegraph Feature Writer, Harry Wallop suggested that , of the Growth and Infrastructure Bill  	Solicitor	Social studies
Natascha	Engel	King's College London,	Parliamentarian of the Year in , Masters degree in Technical and Specialised Translation, a living as a teacher of English	Translator; trade union official	Languages
Bill	Esterson	University of Leeds	directly the words of a bereaved father	No occupation found	
George	Eustice	No university found		No occupation found	
Chris	Evans	No university found		No occupation found	
Graham	Evans	Manchester Metropolitan University		No occupation found	
Jonathan	Evans	No university found		Solicitor	
Nigel	Evans	Swansea University	a Bachelor of Arts degree in politics in 	No occupation found	Social studies
David	Evennett	London School of Economics	an MSc in Economics	Politician	Social studies
Michael	Fabricant	Loughborough University	economics at Loughborough University, receiving a Bachelor of Science degree, at the University of Sussex, where he was awarded a master, systems and econometrics in 	No occupation found	Social studies
Michael	Fallon	University of St Andrews	MA in classics and ancient history in 	No occupation found	Historical & philosophical studies
Paul	Farrelly	St Edmund Hall, Oxford	at St Edmund Hall, Oxford where he obtained a BA in PPE in 	No occupation found	Social studies
Tim	Farron	Newcastle University	BA in Politics in 	No occupation found	Social studies
Lynne	Featherstone	Oxford Polytechnic	Diploma in Communication and Design at Oxford Polytechnic, hoax email warning about an apparent date rape drug called Progesterex	Politician	Mass communications & documentation
Frank	Field	University of Hull	economics at the University of Hull	Politician	Social studies
Mark	Field	St Edmund Hall, Oxford	with a B, Law in 	Politician	Law
Jim	Fitzpatrick	No university found		Politician	
Robert	Flello	University of Wales, Bangor	Chemistry, in 	No occupation found	Physical sciences
Caroline	Flint	University of East Anglia (BA)	her BA , by Swiss academic Dr Felix Hasler, , the Lisbon Treaty, the controversial document which codifies the rules of the European Union, divorce in , Lisbon Treaty	No occupation found	
Paul	Flynn	Cardiff University		No occupation found	
Don	Foster	No university found		No occupation found	
Yvonne	Fovargue	No university found		No occupation found	
Liam	Fox	University of Glasgow	medicine at the University of Glasgow and worked as a GP and Civilian Army Medical Officer , medicine at the University of Glasgow Medical School, graduating with MB ChB degrees in , at the University of Glasgow, he was a member of the Dialectic Society and became president of the Glasgow University Conservative Association, medicine at Glasgow University in the early , letter in which the Defence Secretary warned the Prime Minister that , of the Marriage , of parliamentary records was published in the Daily Telegraph, showed that Liam Fox receives rental income from his London home while simultaneously claiming rental income from the taxpayer to live at another residence	Physician	Medicine & dentistry
Hywel	Francis	Swansea University	at the University of Wales, Swansea, where he earned a doctorate in history	No occupation found	Medicine & dentistry
Mark	Francois	University of Bristol	a Bachelor of Arts degree in History in , MA in War Studies in 	No occupation found	Historical & philosophical studies
George	Freeman	Girton College, Cambridge	with a degree in Geography in 	No occupation found	Social studies
Mike	Freer	No university found		No occupation found	
Lorraine	Fullbrook	Glasgow Caledonian University		No occupation found	
Richard	Fuller	University College, Oxford; Harvard Business School	Politics, Philosophy 	Member of Parliament	Social studies
Roger	Gale	Guildhall School of Music and Drama		Broadcaster, Disc jockey, television producer, radio producer and journalist	
George	Galloway	No university found	him Debater of the Year in , 
, damages of , Palestinian passport from Hamas leader Ismail Haniya, edit	No occupation found	
Mike	Gapes	Fitzwilliam College, Cambridge	a master, economics in , diploma in industrial relations in 	No occupation found	Social studies
Barry	Gardiner	University of St Andrews	a Kennedy Memorial Trust scholarship to study Philosophy at Harvard University 	No occupation found	Historical & philosophical studies
Edward	Garnier	Jesus College, Oxford	with a Bachelor of Arts degree in modern history in , at the College of Law at Chancery Lane in the City of London, nationally to failed Company Pension Scheme workers	Politician	Law
Mark	Garnier	No university found		No occupation found	
David	Gauke	St Edmund Hall, Oxford	a Bachelor of Arts degree in law in , in legal practice in 	No occupation found	Law
Andrew	George	University of Sussex	Bachelor of Arts degree in cultural and community studies in , a master, agricultural economics in 	No occupation found	Agriculture & related subjects
Nick	Gibb	Durham University	Bachelor of Arts degree in Law in , to be revised	No occupation found	Law
Stephen	Gilbert	No university found	architecture at the Slade School of Art in London from , under Ossip Zadkine, leaving before the Second World War, Jung, Nietzsche and Jakob B, Gulbenkian award in 	No occupation found	
Michelle	Gildernew	University of Ulster	from university, she travelled extensively in Europe, the United States and Australia, where she worked for a year	No occupation found	
Cheryl	Gillan	The College of Law		Marketing executive	
Sheila	Gilmore	No university found	History and Politics at the University of Kent at Canterbury, she undertook a post, law, she worked for the Scottish Consumer Council as a Legal Advisory Officer	No occupation found	Social studies
Pat	Glass	No university found		No occupation found	
John	Glen	Mansfield College, Oxford	Modern History and was elected President of Mansfield College JCR, for an MBA at Fitzwilliam College, from Oxford, Glen worked for two Ministers in , unanimous Second Reading on , unanimous Third Reading on 	No occupation found	Historical & philosophical studies
Mary	Glindon	No university found	over 	No occupation found	
Roger	Godsiff	No university found		No occupation found	
Zac	Goldsmith	No university found	traditional cultures and helping run a tourist education programme, the Beacon Prize for Young Philanthropist of the Year for his contribution to environmental awareness and protection, decree nisi on 	Politician	Education
Helen	Goodman	Somerville College, Oxford	PPE at Somerville College, Oxford	No occupation found	Social studies
Robert	Goodwill	Newcastle University	Bachelor of Science degree in agriculture in 	No occupation found	Agriculture & related subjects
Michael	Gove	Lady Margaret Hall, Oxford	English at Lady Margaret Hall, Oxford, , a , of the Northern Ireland peace process, The Price of Peace, for which he won the Charles Douglas, of authors such as Byron, Keats, Jane Austen, Dickens and Thomas Hardy would be reinstated in English lessons as part of a plan to improve children, of foreign languages up to the age of , pre, it would disabuse people of the , the King James Bible	Secretary of State for Education	Agriculture & related subjects
Richard	Graham	Christ Church, Oxford		No occupation found	
Helen	Grant	University of Hull	law at the University of Hull, after which she planned to take specialist legal qualifications, as a solicitor	Solicitor	Law
James	Gray	No university found		No occupation found	
Chris	Grayling	Sidney Sussex College, Cambridge	with an upper, history in , over 	No occupation found	Social studies
Tom	Greatrex	London School of Economics	Economics, Government and Law at the London School of Economics, graduating in 	No occupation found	Social studies
Damian	Green	Balliol College, Oxford	a Bachelor of Arts , Philosophy, Politics, and Economics in 	No occupation found	Social studies
Kate	Green	Edinburgh University	from Edinburgh University with a Bachelor of Laws degree	Banking &amp; Poverty activism	Law
Justine	Greening	University of Southampton	Economics, , 	Politician	Social studies
Lilian	Greenwood	St Catharine's College, Cambridge.		Trade Union Regional Organiser	
Dominic	Grieve	Magdalen College, Oxford	Bachelor of Arts degree in Modern History , Diploma in Law 	No occupation found	Law
Nia	Griffith	Somerville College, Oxford	with a first class degree in modern languages in 	Teacher	Languages
Andrew	Griffiths	No university found		No occupation found	
Ben	Gummer	Peterhouse, Cambridge	History at Peterhouse, Cambridge, where he was an exhibitioner and scholar	Politician	Historical & philosophical studies
Andrew	Gwynne	University of Salford and the North East Wales Institute of Higher Education		No occupation found	
Sam	Gyimah	Somerville College, Oxford	Politics, Philosophy and Economics, and where he was elected President of the Oxford Union, the Real Business	No occupation found	Social studies
William	Hague	Magdalen College, Oxford	PPE at Magdalen College, Oxford, graduating with First, for a Master of Business Administration degree at INSEAD, 	No occupation found	Social studies
Peter	Hain	Queen Mary, University of London	with a first class Bachelor, Economics and Political Science in 	No occupation found	Social studies
Robert	Halfon	Exeter University	for a Bachelor of Arts in Politics and a Master of Arts in Russian and East European politics, of water companies in the Eastern Region examining their profits, and calling for an inquiry	No occupation found	Social studies
Duncan	Hames	New College, Oxford	PPE at New College, Oxford, , from Oxford, Hames trained as an accountant with Deloitte	No occupation found	Social studies
David	Hamilton	No university found		No occupation found	
Fabian	Hamilton	University of York	a Bachelor of Arts degree, 	No occupation found	
Philip	Hammond	University College, Oxford	first class degree in Philosophy, Politics, and Economics	No occupation found	Social studies
Stephen	Hammond	Queen Mary, University of London	in Economics , 	Politician	Social studies
Matthew	Hancock	Exeter College, Oxford	degree in Philosophy, Politics and Economics from Exeter College, University of Oxford, and a MPhil in Economics from Christ	No occupation found	Social studies
Mike	Hancock	No university found		No occupation found	
Greg	Hands	Robinson College, Cambridge	a first in modern history in 	No occupation found	Historical & philosophical studies
David	Hanson	University of Hull	BA in 	No occupation found	
Harriet	Harman	University of York	BA in Politics from the University of York, at age 	Solicitor	Social studies
Mark	Harper	Brasenose College, Oxford	philosophy, politics and economics at Brasenose College, Oxford, where like David Cameron he studied under Professor Vernon Bogdanor	No occupation found	Social studies
Richard	Harrington	Keble College, Oxford	Jurisprudence	No occupation found	Law
Rebecca	Harris	London School of Economics	at The London School of Economics	No occupation found	Social studies
Tom	Harris	No university found		No occupation found	
Simon	Hart	Royal Agricultural College	one off severance payment equivalent to 	No occupation found	
Nick	Harvey	Middlesex Polytechnic	a BA degree in Business studies in 	Politician	Business & administrative studies
Alan	Haselhurst	Oriel College, Oxford		Politician	
Dai	Havard	Warwick University		No occupation found	
John	Hayes	No university found		No occupation found	
Oliver	Heald	Pembroke College, Cambridge	law	No occupation found	Law
John	Healey	Christ's College, Cambridge	Social and Political Science at Christ, BA in , to Suez Canal Zone veterans	No occupation found	Social studies
David	Heath	St John's College, Oxford	at St John, a MA in Physiological Sciences, Ophthalmic Optics at the City University, London	MP	Subjects allied to medicine
Chris	Heaton-Harris	Wolverhampton Polytechnic	at Wolverhampton Polytechnic, football referee, signed into the profession by his father	No occupation found	
John	Hemming	Magdalen College, Oxford	the Lifetime Achievement Award for his work with the company	No occupation found	
Gordon	Henderson	No university found	Conservative Party political agent and was the constituency agent for North Thanet MP, Roger Gale, , to local artists	Operations Manager, Contracts Officer, Store Manager	Social studies
Mark	Hendrick	Liverpool John Moores University, Victoria University of Manchester	a Bachelor of Science degree in Electrical and Electronic Engineering, Master of Science degree in Computer Science, German at a Volkshochschule Hanau in Germany in , the University of Manchester Certificate in Education in , to Preston in the Queen	No occupation found	Computer sciences
Charles	Hendry	University of Edinburgh	a Bachelor of Commerce degree in Business Studies in 	No occupation found	Business & administrative studies
Stephen	Hepburn	Newcastle University	a Bachelor of Arts degree	No occupation found	
Nick	Herbert	Magdalene College, Cambridge	law and land economy	No occupation found	Agriculture & related subjects
Lady	Hermon	No university found		No occupation found	
David	Heyes	Open University	a BA in Social sciences from the Open University in 	No occupation found	Social studies
Meg	Hillier	Portsmouth High School	Philosophy, Politics and Economics and during her time there was elected Librarian of the Oxford Union Society	No occupation found	Social studies
Julie	Hilling	No university found	Chemistry at Nottingham University and then attaining a Diploma in Youth and Community Work at Manchester Polytechnic	No occupation found	Physical sciences
Damian	Hinds	Trinity College, Oxford		No occupation found	
Mark	Hoban	London School of Economics	a Bachelor of Science degree in Economics in 	No occupation found	Social studies
Margaret	Hodge	London School of Economics (LSE)	at the London School of Economics, from where she gained a third class Government Studies degree in , Margaret Hodge the 	Politician	Social studies
Sharon	Hodgson	No university found		No occupation found	
Kate	Hoey	University of Ulster	at Belfast Royal Academy, in economics from the City of London College, today known as London Metropolitan University	No occupation found	Social studies
George	Hollingbery	No university found	BA in human sciences from Lady Margaret Hall, Oxford in 	No occupation found	Social studies
Philip	Hollobone	Lady Margaret Hall, Oxford	a BA degree in Modern History and Economics, in the House of Commons on , on , a second time on 	No occupation found	Social studies
Adam	Holloway	Magdalene College, Cambridge	Social and Political Sciences , further at Imperial College London , donation of 	Politician	Social studies
Jimmy	Hood	University of Nottingham	or external links, but its sources remain unclear because it lacks inline citations	No occupation found	
Kelvin	Hopkins	University of Nottingham	a BA degree in Politics, Economics and Mathematics with Statistics	No occupation found	Mathematical sciences
Kris	Hopkins	University of Leeds	communications and cultural studies at Leeds University before going on to lecture in media theory, communications and digital media	No occupation found	Mass communications & documentation
Martin	Horwood	The Queen's College, Oxford	St, Modern History in , and leaving student politics, he worked first in advertising and then in the voluntary sector, millions for the charity nationwide and 	No occupation found	Social studies
Stewart	Hosie	University of Abertay Dundee	Higher Diploma in Computer Studies	politician	Computer sciences
George	Howarth	University of Salford	at the University of Salford	Engineer	
Gerald	Howarth	University of Southampton	private pilot, he was commissioned into the Royal Air Force Volunteer Reserve as an acting pilot officer in , , out a fairly ridiculous statement	No occupation found	
John	Howell	No university found		No occupation found	
Lindsay	Hoyle	No university found		Politician	
Simon	Hughes	Selwyn College, Cambridge	with a , postgraduate Certificate of Advanced European Studies 	No occupation found	
Jeremy	Hunt	No university found		No occupation found	
Tristram	Hunt	Trinity College, Cambridge; University of Chicago	History at Trinity College, Cambridge and the University of Chicago, and was for a time an Associate Fellow of the Centre for History and Economics at King, in , number of favourable reviews, including one from Roy Hattersley, the former deputy leader of the Labour party, in The Observer	Historian, broadcaster, columnist, politician	Social studies
Mark	Hunter	No university found		No occupation found	
Julian	Huppert	Trinity College, Cambridge	at Cambridge University, completing a BA , the structures of DNA as well as tutoring students, the , road safety organisation Brake, a winner for best independent shop, parliamentarian of the month	Politician	
Nick	Hurd	Eton College	from Exeter College, Oxford , in June 	No occupation found	
Huw	Irranca-Davies	No university found		No occupation found	
Glenda	Jackson	Royal Academy of Dramatic Art	at the Royal Academy of Dramatic Art, BAFTA for her role in John Schlesinger, second Academy Award for Best Actress for A Touch of Class , an CBE		
Stewart	Jackson	Royal Holloway, University of London; University of West London	at Royal Holloway, University of London, where he was awarded a BA , Economics , MA in Human Resource Management from University of West London in 	No occupation found	Social studies
Margot	James	London School of Economics	Economics and Government	No occupation found	Social studies
Si‚n	James	No university found		No occupation found	
Cathy	Jamieson	Glasgow School of Art		No occupation found	
Dan	Jarvis	Aberystwyth University	international politics at Aberystwyth University, in , International Politics and Strategic Studies, with an MA in Conflict, Security 	Member of Parliament	Social studies
Sajid	Javid	South Gloucestershire and Stroud College	economics and politics, and became a member of the Conservative Party	No occupation found	Social studies
Bernard	Jenkin	Corpus Christi College, Cambridge	a Choral Exhibition and gained an BA honours degree in English literature in 	Member of Parliament (1992-present)	Languages
Alan	Johnson	No university found	to children	No occupation found	
Diana	Johnson	No university found	History, English and Economics	No occupation found	Social studies
Gareth	Johnson	No university found		Solicitor	
Jo	Johnson	Eton College	Modern History, a First Class degree in both Honour Moderations , on the continent and has degrees from two further leading European universities, gaining an MBA from INSEAD in 	Investment Banker	Historical & philosophical studies
Andrew	Jones	University of Leeds		No occupation found	
David	Jones	No university found		No occupation found	
Graham	Jones	No university found	, a BA , Graphic Design and completed the City and Guilds qualification in Desktop Publishing followed by employment at Hollands Pies	Member of Parliament	Agriculture & related subjects
Helen	Jones	University College London, University of Liverpool	with a BA from University College London and a MEd from the University of Liverpool	No occupation found	
Kevan	Jones	University of Southern Maine, Northumbria University	BA 	No occupation found	
Marcus	Jones	No university found		No occupation found	
Susan Elan	Jones	No university found		No occupation found	
Tessa	Jowell	University of Edinburgh	herself a strong reputation as a Blairite, private emails between Scudamore and colleagues and friends which included comments about women, and passing on of the emails, claiming that, 	No occupation found	
Eric	Joyce	University of Stirling	BA 	No occupation found	
Mike	Kane	No university found	for his A Levels at Loreto College in Hulme, Manchester	No occupation found	
Gerald	Kaufman	Queen's College, Oxford	with a degree in philosophy, politics and economics from the University of Oxford , the Department for the Environment , of the , for his own political agenda, and stated that his 	No occupation found	Social studies
Daniel	Kawczynski	University of Stirling	Business Studies with Languages, 	No occupation found	Business & administrative studies
Barbara	Keeley	University of Salford	BA in Politics and Contemporary History	IBM Systems Engineer	Social studies
Chris	Kelly	Oxford Brookes University, Imperial College Business School		No occupation found	
Liz	Kendall	No university found	with a first in history in 	No occupation found	Historical & philosophical studies
Charles	Kennedy	University of Glasgow	for a Master of Arts degree in Politics and Philosophy at the University of Glasgow, Fulbright Fellowship, in America, he received the Social Democratic Party 	Academic dress	Social studies
Sadiq	Khan	University of North London	law, the 	Lawyer	Law
Simon	Kirby	Open University	Mathematical Modelling from the Open University and studied Operational Research at the London School of Economics	No occupation found	Mathematical sciences
Greg	Knight	The College of Law	a Knighthood for political service	Solicitor	Social studies
Kwasi	Kwarteng	Harvard University	Classics and History at Trinity College, PhD in Economic History at Cambridge University	Member of Parliament	Historical & philosophical studies
Eleanor	Laing	University of Edinburgh	with Bachelor of Arts and Bachelor of Laws degrees	No occupation found	Law
Norman	Lamb	University of Leicester	from the University of Leicester, Lamb worked as a solicitor	Politician	Law
David	Lammy	School of Oriental and African Studies, Harvard Law School	an Inner London Education Authority choral scholarship to The King, law at the School of Oriental and African Studies, University of London, obtaining a first, an LL	No occupation found	Law
Mark	Lancaster	University of Buckingham	as a BSc in Business Studies from the University of Buckingham and MBA from the University of Exeter Business School, an Honorary PhD from Buckingham University in , EOD operator , the Territorial Decoration , but supported minor 	No occupation found	Business & administrative studies
Andrew	Lansley	University of Exeter	BA in politics, a CBE, nurses has gone down by nearly 	No occupation found	Social studies
Pauline	Latham	No university found		No occupation found	
Ian	Lavery	No university found		Miner	
David	Laws	King's College, Cambridge	, in , economics, , edit	No occupation found	Social studies
Mark	Lazarowicz	University of St Andrews	from St	No occupation found	
Andrea	Leadsom	University of Warwick	Political Science at the University of Warwick	No occupation found	Social studies
Jessica	Lee	Royal Holloway, University of London; College of Law	with a degree in History , at the College of Law	No occupation found	Law
Phillip	Lee	King's College London	Human Biology and Biological Anthropology at King, medicine at Imperial College London, as a general practitioner 	Physician	Medicine & dentistry
John	Leech	Brunel University	History and Politics and also joined the Liberal Democrat Party	No occupation found	Social studies
Jeremy	Lefroy	King's College, Cambridge		No occupation found	
Edward	Leigh	Durham University	reputation owing to his staunch opposition to abortion, contraception and controversial genetic research, for his support of capital punishment and for his defence of Section , History , as a barrister at the Inner Temple, and practised in arbitration and criminal law as a member of Goldsmiths Chambers, barrister and an Assembly Member of the Council of Europe, 	Politician	Law
Charlotte	Leslie	Balliol College, Oxford	Classics at Balliol College, Oxford, in 	No occupation found	Historical & philosophical studies
Christopher	Leslie	No university found		No occupation found	
Oliver	Letwin	Trinity College, Cambridge	at Trinity College, Cambridge, by the Cambridge Philosophy Faculty in 	No occupation found	Historical & philosophical studies
Emma	Lewell-Buck	Northumbria University	politics and media studies at Northumbria University, , Masters degree in social work from Durham University	No occupation found	Social studies
Brandon	Lewis	University of Buckingham	degree in economics from the University of Buckingham, , barrister	Politician	Social studies
Ivan	Lewis	No university found		No occupation found	
Julian	Lewis	No university found		No occupation found	
Ian	Liddell-Grainger	No university found	National Certificate of Agriculture at the South Scotland Agricultural College in Edinburgh	No occupation found	Agriculture & related subjects
David	Lidington	Sidney Sussex College, Cambridge	History and a PhD in 	No occupation found	Historical & philosophical studies
Peter	Lilley	Clare College, Cambridge	Economics and Physics	No occupation found	Physical sciences
Stephen	Lloyd	St. George's College, Weybridge		Business Development Consultant	
Elfyn	Llwyd	University of Wales, Aberystwyth		Barrister	
Naomi	Long	Queen's University Belfast	from Queen, number of death threats along with petrol bomb being thrown inside an unmarked police car guarding her constituency office	Engineer	
Jack	Lopresti	No university found		No occupation found	
Jonathan	Lord	Merton College, Oxford[1]	in 	Marketing, politician	
Tim	Loughton	University of Warwick	first class BA in classical civilisation in 	Securities Fund Manager	Historical & philosophical studies
Andrew	Love	No university found	from the University of Houston with a B, acting and directing	Voice actor/Actor	
Caroline	Lucas	University of Exeter	first, of woman as reader in Elizabethan romance, , , , of the likely impacts of climate change upon South East England, 	No occupation found	Agriculture & related subjects
Ian	Lucas	New College, Oxford	jurisprudence gaining a BA in , from the College of Law in , Solicitor	No occupation found	Law
Peter	Luff	Corpus Christi College, Cambridge	at Corpus Christi College, Cambridge, receiving a BA in Economics in 	No occupation found	Social studies
Karen	Lumley	No university found		No occupation found	
Mary	Macleod	University of Glasgow	from University of Glasgow	Business Consultant	
Angus	MacNeil	University of Strathclyde	from Strathclyde University with a degree in civil engineering 	Engineer, reporter, teacher	Engineering & technology
Fiona	Mactaggart	Cheltenham Ladies' College	for a BA in English at King, list about the ethical differences between legal waged labour and prostitution	Teaching	Law
Khalid	Mahmood	UCE Birmingham		No occupation found	
Shabana	Mahmood	Lincoln College, Oxford	from Lincoln College, Oxford, where she studied law and was the president of the Junior Common Room	No occupation found	Law
Anne	Main	University of Sheffield, Swansea University	English at Swansea University obtaining a BA Hons, where she met her first husband, Stephen, PGCE from Sheffield University	No occupation found	Languages
Seema	Malhotra	University of Warwick		No occupation found	
John	Mann	No university found		No occupation found	
Gordon	Marsden	New College, Oxford	Modern History	No occupation found	Historical & philosophical studies
Paul	Maskey	No university found		Politician	
Francis	Maude	Corpus Christi College, Cambridge		Lawyer	
Theresa	May	St Hugh's College, Oxford	place at the former Holton Park Girls, Geography at St Hugh, with a BA , more than 	No occupation found	Social studies
Paul	Maynard	University College, Oxford	First Class History degree at University College, Oxford	No occupation found	Historical & philosophical studies
Stephen	McCabe	No university found		No occupation found	
Michael	McCann	No university found		No occupation found	
Kerry	McCarthy	University of Liverpool	Russian Studies, she then studied law at City of London Polytechnic, solicitor	No occupation found	Law
Jason	McCartney	Leeds Trinity &amp; All Saints[3]	for a postgraduate diploma in broadcast journalism, 	Journalist, Broadcaster, RAF Officer	Mass communications & documentation
Karl	McCartney	University of Wales, Lampeter	Geography at St David	No occupation found	Social studies
Gregg	McClymont	University of Glasgow	History at the University of Glasgow, graduating in , at the University of Pennsylvania	Historian	Historical & philosophical studies
William	McCrea	Raveanhill Theological Hall		Clergyman	
Siobhain	McDonagh	University of Essex	Politics at the University of Essex	No occupation found	Social studies
Andrew	McDonald	No university found		No occupation found	
Alasdair	McDonnell	University College Dublin	in , in OLSPCK in Belfast
References edit	Politician	
John	McDonnell	Brunel University	for A	No occupation found	
Pat	McFadden	University of Edinburgh	Politics at the University of Edinburgh, gaining an MA in 	No occupation found	Social studies
Alison	McGovern	University College London	Philosophy at University College London	No occupation found	Historical & philosophical studies
Jim	McGovern	No university found		No occupation found	
Anne	McGuire	University of Glasgow	a MA in politics with history, for teacher training at the Notre Dame College of Education , Diploma in Secondary Education	No occupation found	Social studies
Anne	McIntosh	University of Edinburgh	at the University of Aarhus in the Jutland region of Denmark, by the Royal College of Physicians, which found that 	No occupation found	Agriculture & related subjects
Ann	McKechin	University of Strathclyde	Scots law at the University of Strathclyde	Solicitor in Scots law	Law
Iain	McKenzie	No university found		No occupation found	
Catherine	McKinnell	University of Edinburgh	politics and history at the University of Edinburgh, and before her election to Parliament she worked as an employment solicitor in the Newcastle law firm Dickinson Dees, becoming one of , OBE if allegations of tax avoidance were proven 	Solicitor	Social studies
Patrick	McLoughlin	No university found		No occupation found	
Stephen	McPartland	No university found	for his first degree in History at the University of Liverpool, graduating in , for an MSc in Technology Management at Liverpool John Moores University the following year	No occupation found	Business & administrative studies
Esther	McVey	Queen Mary, University of London	from Liverpool John Moores University with a Distinction for her Master of Science in Corporate Governance, and won the North of England Excellence Award for her studies	Company Director;	Agriculture & related subjects
Michael	Meacher	New College, Oxford	Diploma in Social Administration, reputation for being a politician who was on top of a complex brief 	No occupation found	Social studies
Alan	Meale	Sheffield	at Ruskin College, and Durham University, 	No occupation found	
Ian	Mearns	No university found		No occupation found	
Mark	Menzies	University of Glasgow	from the University of Glasgow, where he was President of the Conservative Association, in , economic and social history	No occupation found	Social studies
Stephen	Metcalfe	No university found		No occupation found	
Edward	Miliband	No university found		No occupation found	
Andrew	Miller	University of Portsmouth	at the London School of Economics where he was awarded a diploma in industrial relations in 	No occupation found	Social studies
Maria	Miller	London School of Economics	Economics at the London School of Economics from where she graduated in 	No occupation found	Social studies
Nigel	Mills	University of Newcastle-upon-Tyne	Classics at Newcastle University, as a Chartered Accountant in , The Spectator	No occupation found	Business & administrative studies
Anne	Milton	Haywards Heath Grammar School		Minister of State for Health	
Andrew	Mitchell	Jesus College, Cambridge	History at Jesus College, with a Bachelor of Arts degree in , public apology from the Commissioner of the Metropolitan Police, Bernard Hogan	No occupation found	Historical & philosophical studies
Austin	Mitchell	University of Manchester		No occupation found	
Francie	Molloy	No university found		No occupation found	
Madeleine	Moon	Keele University	Cert Ed in , BEd in , CQSW and Diploma in Social Work , higher public profile due to an increased number of suicides of young people from her constituency	Social Worker	Social studies
Michael	Moore	No university found	in , the Palme d	Actor, director, screenwriter, producer, documentarian	
Penny	Mordaunt	No university found	philosophy at the University of Reading	No occupation found	Historical & philosophical studies
Jessica	Morden	University of Birmingham	History at University of Birmingham	No occupation found	Historical & philosophical studies
Nicky	Morgan	St Hugh's College, Oxford	Jurisprudence at St Hugh, as a solicitor in , a Department of Health grant for development of a device with the potential to provide an early diagnosis of peripheral arterial disease	No occupation found	Law
Graeme	Morrice	Edinburgh Napier University	a SHND in Business Studies	MP	Business & administrative studies
Anne-Marie	Morris	No university found		No occupation found	
David	Morris	No university found		No occupation found	
Grahame	Morris	No university found		No occupation found	
James	Morris	No university found		No occupation found	
Stephen	Mosley	University of Nottingham	Chemistry at the University of Nottingham	IT Consultant	Physical sciences
David	Mowat	Imperial College London	engineering at Imperial College London, as a Chartered Accountant and subsequently joined the consultancy firm Accenture 	Chartered Accountant	Engineering & technology
George	Mudie	No university found	Social Studies at Newbattle Abbey College in Dalkeith	No occupation found	Social studies
Greg	Mulholland	University of York	politics at the University of York, going on to achieve an MA in Public Administration and Public Policy, politics for A, and was dropped before becoming law	No occupation found	Social studies
David	Mundell	University of Edinburgh	Law at the University of Edinburgh, also gaining a Diploma in Legal Practice, law in 	No occupation found	Law
Meg	Munn	University of Nottingham, University of York	languages at the University of York receiving a BA , Certificate and Diploma in Management Studies from the Open University and in , Chartered Manager status by the Chartered Management Institute	No occupation found	Business & administrative studies
Tessa	Munt	No university found		No occupation found	
Conor	Murphy	University of Ulster, Queen's University of Belfast		No occupation found	
Jim	Murphy	No university found	Politics and European Law at the University of Strathclyde	No occupation found	Social studies
Paul	Murphy	No university found		No occupation found	
Ian	Murray	No university found		No occupation found	
Sheryll	Murray	No university found		No occupation found	
Andrew	Murrison	University of Bristol	as a doctor from the University of Bristol medical school in 	Physician	Medicine & dentistry
Lisa	Nandy	Newcastle University	from Newcastle University, Tyne and Wear, in , politics and obtained a master, public policy from Birkbeck, University of London	No occupation found	Social studies
Pamela	Nash	No university found	politics at the University of Glasgow, specialising in human rights and international development	No occupation found	Social studies
Bob	Neill	London School of Economics		Politician	
Brooks	Newmark	Worcester College, Oxford	from Harvard College, receiving a BA in History in 	No occupation found	Historical & philosophical studies
Sarah	Newton	King's College London	History, before completing a Master, the United States of America, studying as a Rotary International Scholar	Politician	Historical & philosophical studies
Caroline	Nokes	University of Sussex	politics at the University of Sussex from 	No occupation found	Social studies
Jesse	Norman	Eton College	with a , at University College London, where he held an honorary research fellowship in philosophy and obtained a PhD in 	No occupation found	Historical & philosophical studies
David	Nuttall	University of London	as a fellow of the Institute of Legal Executives, and obtained a law degree by correspondence from the University of London	Notary public	Law
Stephen	O'Brien	Emmanuel College, Cambridge	as a Solicitor in 	No occupation found	Law
Fiona	O'Donnell	No university found		No occupation found	
Matthew	Offord	Nottingham Trent University	at both Lancaster University where he received his masters degree, and King, a PhD in 	Political Analyst at the BBC [2]	
Eric	Ollerenshaw	London School of Economics	a Bachelor of Science degree in Economics in , his OBE for Public and Political Service	No occupation found	Social studies
Chi	Onwurah	No university found	at Newcastle Medical School when they met and married in the , Electrical Engineering from Imperial College London in , for an MBA at Manchester Business School, and long walks in the countryside 	No occupation found	Medicine & dentistry
Guy	Opperman	University of Buckingham	law from the University of Buckingham and a first class diploma from the University of Lille, France, the Bar Pro Bono Award by the Attorney General, Lord Goldsmith QC, for his voluntary work on behalf of victims in Criminal Injuries Compensation Appeals, a 	No occupation found	Social studies
George	Osborne	St Paul's School	, , Modern History, in , formal complaint initiated in a letter by the Liberal Democrats, edit	No occupation found	Historical & philosophical studies
Sandra	Osborne	Strathclyde University	part, Master of Science in Equality and Discrimination	No occupation found	
Richard	Ottaway	Britannia Royal Naval College	law at Bristol University, graduating in , as a solicitor in 	No occupation found	Law
Albert	Owen	University of York	BA in Politics in 	No occupation found	Social studies
James	Paice	No university found	National Diploma in Agriculture in 	No occupation found	Agriculture & related subjects
Ian	Paisley Jnr	No university found		No occupation found	
Neil	Parish	No university found		No occupation found	
Priti	Patel	Keele University	economics at Keele University and then going on to the University of Essex	No occupation found	Social studies
Owen	Paterson	Corpus Christi College, Cambridge	History at Corpus Christi College	Leather industries	Historical & philosophical studies
Mark	Pawsey	Reading University	degree in Estate Management	Businessman	Business & administrative studies
Teresa	Pearce	No university found		Senior Manager PricewaterhouseCoopers	
Michael	Penning	No university found		No occupation found	
John	Penrose	Downing College, Cambridge; Columbia University	at Downing College, Cambridge, receiving a BA in Law in 	No occupation found	Law
Andrew	Percy	University of York	degree at the University of York and studied at the University of Leeds as a post	No occupation found	
Toby	Perkins	No university found	as a rugby coach in 	Politician	
Claire	Perry	Brasenose College, Oxford,	Geography, graduating in , MBA at Harvard University, and was due to be debated again on 	MP for Devizes	Social studies
Stephen	Phillips	No university found	classics	No occupation found	Historical & philosophical studies
Bridget	Phillipson	Hertford College, Oxford	Modern History at Hertford College, Oxford, with a BA , Modern History	No occupation found	Historical & philosophical studies
Eric	Pickles	Leeds Polytechnic	at Leeds Polytechnic, chief executives listed in The Times, on , in the House of Lords on , High Court judicial review of the Christian prayers held during meetings in council chambers, that non	No occupation found	
Christopher	Pincher	London School of Economics		IT consultant	
Daniel	Poulter	University of Bristol	medical doctor and has served as a Parliamentary Under Secretary of State in the Department of Health since September , with a Law degree, before qualifying as a medical doctor at King	Politician	Medicine & dentistry
Stephen	Pound	London School of Economics	Diploma in Industrial Relations and a BSc in Economics	Politician	Social studies
Lucy	Powell	Somerville College, Oxford	chemistry at Somerville College, Oxford and King	No occupation found	Physical sciences
Dawn	Primarolo	Bristol Polytechnic	at Bristol Polytechnic as a bookkeeper and legal secretary, for a social science degree at Bristol Polytechnic, where she gained a BA , out a question on behalf of Ann Clwyd, at the time, who had 	No occupation found	Social studies
Mark	Prisk	University of Reading	Land Management at the University of Reading, gaining a BSc degree	No occupation found	Agriculture & related subjects
Mark	Pritchard	London Guildhall University	at the London Guildhall University and has a Master of Arts degree in Marketing Management	No occupation found	Business & administrative studies
John	Pugh	Durham University	from Durham University, , Philosophy	No occupation found	Historical & philosophical studies
Yasmin	Qureshi	Polytechnic of the South Bank, University College London	BA , Master of Laws at University College London	Member of Parliament	Law
Dominic	Raab	University of Oxford	law, Masters from Cambridge University, majority of , Westminster Hall debate to call on the government not to unfairly penalise Surrey Police as part of their consultation on reform of police funding	Lawyer	Social studies
John	Randall	University of London	from the University of London with an Upper Second degree BA in Serbo	No occupation found	Social studies
Nick	Raynsford	Sidney Sussex College, Cambridge	with a BA degree in History in 	No occupation found	Historical & philosophical studies
Mark	Reckless	Marlborough College	in PPE, him the nickname Mark Legless	Politician, barrister, economist	Social studies
John	Redwood	Magdalen College, Oxford	at St Antony, somewhat haughty reputation with apparent disregard for national feeling	No occupation found	
Jamie	Reed	Manchester Metropolitan University		No occupation found	
Steve	Reed	University of Sheffield	English at Sheffield University	No occupation found	Languages
Jacob	Rees-Mogg	Eton College	history at Trinity College, Oxford, reputation for his humorous speeches and ability to filibuster	Politician	Historical & philosophical studies
Simon	Reevell	Manchester Polytechnic, Lincoln's Inn	Economics, he embarked on a career in the army but this was cut short by injury	Barrister	Social studies
Rachel	Reeves	New College, Oxford	Philosophy, Politics and Economics at New College, Oxford, followed by an MSc in Economics from the London School of Economics, the effects of the policy on Japan in the early , and walking	Economist	Social studies
Alan	Reid	University of Strathclyde	BSc in Mathematics	No occupation found	Mathematical sciences
Emma	Reynolds	Wadham College, Oxford	at Wadham College at the University of Oxford, where she read Politics, Philosophy and Economics	Lobbyist	Social studies
Jonathan	Reynolds	University of Manchester	Politics and Modern History at the University of Manchester and BPP Law School 	Trainee Solicitor	Social studies
Malcolm	Rifkind	University of Edinburgh	law before taking a postgraduate degree in political science , reputation as being a moderate voice on social and economic issues, and sometimes had disputes with Margaret Thatcher, knighthood in John Major	Advocate	Social studies
Linda	Riordan	University of Bradford	from the University of Bradford, of parliamentary records was published in the Daily Telegraph	No occupation found	
Margaret	Ritchie	Queens University of Belfast		No occupation found	
Andrew	Robathan	Oriel College, Oxford	Modern History at Oriel College, University of Oxford, with a Bachelor of Arts , for campaigns that show risk and rigour	No occupation found	Historical & philosophical studies
Angus	Robertson	University of Aberdeen		Journalist	
Hugh	Robertson	University of Reading	Land Management at the University of Reading from , a Distinguished Fellowship by the University of Reading  	No occupation found	Agriculture & related subjects
John	Robertson	No university found		No occupation found	
Laurence	Robertson	University of Bolton	diploma in Management Services, engineer from , around 	No occupation found	Business & administrative studies
Geoffrey	Robinson	Clare College, Cambridge		No occupation found	
Dan	Rogerson	University of Wales, Aberystwyth	Politics at the University of Wales Aberystwyth	No occupation found	Social studies
Andrew	Rosindell	No university found		Parliamentarian	
Steve	Rotheram	John Moores University	part, a Masters in Contemporary Urban Renaissance, out the names of all ninety	No occupation found	
Frank	Roy	No university found		No occupation found	
Lindsay	Roy	No university found	a Bachelor of Science degree in 	No occupation found	
Chris	Ruane	No university found	BSc in Economics in , PGCE in , of parliamentary records was published in the Daily Telegraph, showed that 	No occupation found	Social studies
Amber	Rudd	University of Edinburgh	from Edinburgh University with a degree in history, she joined J	Politician	Historical & philosophical studies
Joan	Ruddock	Imperial College London		No occupation found	
David	Ruffley	Queens' College, Cambridge	at Queens	Solicitor (1985‚Äì91)	
Bob	Russell	No university found		No occupation found	
David	Rutley	London School of Economics	at the London School of Economics and Harvard Business School	Businessman	Social studies
Adrian	Sanders	No university found	the Diabetes UK 	Politician	
Laura	Sandys	No university found		No occupation found	
Anas	Sarwar	University of Glasgow	Dentistry at Glasgow University, in 	No occupation found	Subjects allied to medicine
Andy	Sawford	Durham University	in , history from Durham University he worked in Parliament for the then	No occupation found	Historical & philosophical studies
Lee	Scott	No university found		No occupation found	
Alison	Seabeck	North East London Polytechnic	at the North East London Polytechnic 	No occupation found	
Andrew	Selous	Eton College		MP	
Jim	Shannon	No university found	the General Service Medal	No occupation found	
Grant	Shapps	Manchester Polytechnic	Higher National Diploma	No occupation found	
Alok	Sharma	University of Salford	BSc in Applied Physics with electronics in 	Politician	Physical sciences
Virendra	Sharma	London School of Economics	donation from Indiatourism and have therefore never been liable to make a declaration in the Parliamentary register of members	Politician	
Barry	Sheerman	London School of Economics, University of London		Academic	
Alec	Shelbrooke	Brunel University	from Brunel University in 	No occupation found	
Richard	Shepherd	London School of Economics (BSc),	Bachelor of Science degree in Economics, and where he studied with and became a friend of Robert Kilroy	Underwriter	Social studies
Jim	Sheridan	No university found	from University College Dublin	Film director, screenwriter and producer	
Gavin	Shuker	Girton College, Cambridge	Social and Political Sciences 	No occupation found	Social studies
Mark	Simmonds	Trent Polytechnic	BSc , Urban Estate Surveying in 	No occupation found	
David	Simpson	No university found		No occupation found	
Keith	Simpson	University of Hull	lists, for his party	No occupation found	
Chris	Skidmore	Christ Church, Oxford	in , Modern History 	No occupation found	Historical & philosophical studies
Dennis	Skinner	Ruskin College	the Guardian	No occupation found	
Andy	Slaughter	University of Exeter	English between , Law, qualifying as a barrister in 	No occupation found	Law
Andrew	Smith	No university found		No occupation found	
Angela	Smith	No university found		No occupation found	
Chloe	Smith	University of York	English Literature at the University of York, from York University she joined Deloitte Touche Tohmatsu, 	Politician	Languages
Henry	Smith	University College London	B	Member of Parliament	
Julian	Smith	Birmingham University	English and History	No occupation found	Languages
Nick	Smith	No university found		No occupation found	
Owen	Smith	No university found	History and French at the University of Sussex	No occupation found	Languages
Robert	Smith	No university found		No occupation found	
Nicholas	Soames	No university found	at Mons Officer Cadet School	No occupation found	
Anna	Soubry	No university found	in law from the University of Birmingham in , took place in February , provider could compete to treat the same hip	No occupation found	Law
John	Spellar	St Edmund Hall, Oxford		No occupation found	
Caroline	Spelman	Queen Mary, University of London.	BA First Class in European Studies from Queen Mary College, University of London	No occupation found	
Mark	Spencer	No university found	at Shuttleworth Agricultural College in Bedfordshire, before joining the family farm business	No occupation found	Agriculture & related subjects
John	Stanley	No university found		No occupation found	
Andrew	Stephenson	Royal Holloway, University of London	at Royal Holloway College, University of London, , with a degree in Management Studies in 	Insurance broker	Business & administrative studies
John	Stevenson	No university found		No occupation found	
Bob	Stewart	No university found		No occupation found	
Iain	Stewart	Exeter University	politics at the University of Exeter before training as an accountant with Coopers , various rail links and rail systems	No occupation found	Social studies
Rory	Stewart	Eton College	modern history and politics, philosophy and economics , the Royal Scottish Geographical Society, at school, in the Foreign Office, and on his Asian travels Latin, Greek, Russian, Chinese, Serbo	No occupation found	Social studies
Jack	Straw	University of Leeds	Law at the University of Leeds, as a barrister at Inns of Court School of Law, practising criminal law for two years from 	No occupation found	Law
Gary	Streeter	King's College London	first class honours degree in Law	No occupation found	Law
Mel	Stride	St Edmund Hall, Oxford		No occupation found	
Graham	Stringer	University of Sheffield	in Chemistry from the University of Sheffield in 	No occupation found	Physical sciences
Gisela	Stuart	London School of Economics	from the University of London with an LLB in , through the University of London External System, in a British University	No occupation found	Law
Graham	Stuart	Selwyn College, Cambridge	at Glenalmond College, an independent school in Perthshire, followed by Selwyn College at the University of Cambridge from , Philosophy and Law 	No occupation found	Law
Andrew	Stunell	Victoria University of Manchester	, Architecture at University of Manchester and Liverpool Polytechnic, the Order of the British Empire in , edit	No occupation found	
Julian	Sturdy	Harper Adams University	at agricultural college	No occupation found	Agriculture & related subjects
Gerry	Sutcliffe	No university found		No occupation found	
Ian	Swales	UMIST	as an accountant in 	No occupation found	Business & administrative studies
Desmond	Swayne	University of St Andrews	Theology at St Marys College at the University of St Andrews	Bank manager	
Jo	Swinson	London School of Economics	Management gaining a Bachelor of Science in , with a first class degree, , 	No occupation found	Business & administrative studies
Hugo	Swire	Eton College		No occupation found	
Robert	Syms	No university found		No occupation found	
Mark	Tami	University of Wales, Swansea	in history at the University of Wales, Swansea	No occupation found	Historical & philosophical studies
Peter	Tapsell	No university found		No occupation found	
Sarah	Teather	St John's College, Cambridge	, Natural Sciences specialising in pharmacology	No occupation found	Physical sciences
Gareth	Thomas	No university found		No occupation found	
Emily	Thornberry	University of Kent	law	Politician	Law
Mike	Thornton	No university found		No occupation found	
John	Thurso	Eton College		No occupation found	
Stephen	Timms	Emmanuel College, Cambridge	Mathematics at Emmanuel College, Cambridge where he gained an MA in Mathematics in 	No occupation found	Mathematical sciences
Edward	Timpson	Durham University	politics before converting to law	No occupation found	Social studies
Justin	Tomlinson	Oxford Brookes		No occupation found	
David	Tredinnick	Eton College	MLitt	No occupation found	Languages
Jon	Trickett	No university found	at Roundhay Grammar School , BA in Politics from the University of Hull, and later an MA in Political Sociology from the University of Leeds	No occupation found	Social studies
Elizabeth	Truss	Merton College, Oxford	both Ordinary Maths and Advanced Maths, Philosophy, Politics and Economics at Merton College, Oxford, management accountant, maths to , double A	Economist	Mathematical sciences
Andrew	Turner	Keble College, Oxford	to be a teacher at the University of Birmingham and Henley Management College, GCSE maths and 	No occupation found	Mathematical sciences
Karl	Turner	University of Hull	Business Administration, law degree as a mature student at the University of Hull	No occupation found	Law
Derek	Twigg	No university found		No occupation found	
Stephen	Twigg	Balliol College, Oxford	Philosophy, Politics, and Economics	No occupation found	Social studies
Andrew	Tyrie	Trinity College, Oxford;	PPE, graduating in , a postgraduate Certificate of Advanced European Studies 	Politician, Journalist	Social studies
Chuka	Umunna	University of Manchester	an upper second class LLB in English and French Law from the University of Manchester, he studied for one term at the University of Burgundy in Dijon, before studying for an MA at Nottingham Law School	MP	Social studies
Paul	Uppal	University of Warwick	three A levels in Politics, History and Sociology at Matthew Boulton College, Politics and Sociology at the University of Warwick	No occupation found	Social studies
Edward	Vaizey	No university found		No occupation found	
Shailesh	Vara	Brunel University	as a solicitor, the accolade of official 	Solicitor	Law
Keith	Vaz	Gonville and Caius College, Cambridge	law and obtained a BA 	Member of Parliament	Law
Valerie	Vaz	No university found	Biochemistry in , as a solicitor 	Lawyer	Physical sciences
Martin	Vickers	University of Lincoln		No occupation found	
Theresa	Villiers	University of Bristol	Bachelor of Laws , she worked as a barrister and as a lecturer at King	Barrister	Law
Charles	Walker	No university found		No occupation found	
Robin	Walker	St. Paul's School (Barnes, London)	Ancient and Modern History	MP	Historical & philosophical studies
Ben	Wallace	No university found	criminal justice, year of probation and community service for punching Indiana players in the stands	No occupation found	Law
Joan	Walley	No university found	BA in Social Administration, Diploma in Community Work Development	No occupation found	Social studies
Robert	Walter	Aston University	BSc in , an honorary doctorate, D	No occupation found	Medicine & dentistry
David	Ward	No university found	as a member of the Chartered Institute of Public Finance and Accountancy , MSc from the University of Leicester	Member of Parliament	Business & administrative studies
Angela	Watkinson	No university found	Public Administration Higher National Certificate from Anglia Higher Education College, of the Marriage 	No occupation found	Education
Tom	Watson	No university found		No occupation found	
Dave	Watts	No university found		No occupation found	
Mike	Weatherley	London South Bank University	business studies at London South Bank University, ski instructor and football referee, and former centre	No occupation found	Business & administrative studies
Steve	Webb	Hertford College, Oxford	Philosophy, Politics and Economics at Hertford College, Oxford	Academic	Social studies
Michael	Weir	No university found		No occupation found	
James	Wharton	Durham University	Law , the Legal Practice Course at The College of Law in York and qualified as a solicitor with BHP Law, a firm in the Northeast, huge upswing in donations from rich, Conservative supporters  , a 	Solicitor	Law
Heather	Wheeler	No university found	as an Associate of the Chartered Insurance Institute	No occupation found	
Chris	White	No university found	BEng in Engineering, and an MBA from the University of Bath	No occupation found	Engineering & technology
Eilidh	Whiteford	No university found	with First Class Honours in English and Scottish Literature, followed by postgraduate studies in Canada and Scotland that led to a PhD in 	university lecturer, charity manager	Agriculture & related subjects
Alan	Whitehead	University of Southampton	Politics and Philosophy at the University of Southampton, was President of Southampton University Students	No occupation found	Social studies
Craig	Whittaker	No university found		No occupation found	
John	Whittingdale	University College London		No occupation found	
Bill	Wiggin	Eton College	Economics at the Bangor University, gaining a Bachelor of Arts 	No occupation found	Social studies
David	Willetts	Christ Church, Oxford	Philosophy, Politics and Economics, with a first class degree, mixed reception	No occupation found	Social studies
Hywel	Williams	University of Wales, Cardiff	in psychology	No occupation found	Social studies
Mark	Williams	University of Wales, Aberystwyth, University of Plymouth	politics	No occupation found	Social studies
Roger	Williams	University of Cambridge	at Christ College, Brecon, and Selwyn College, Cambridge, in Natural Sciences he returned to Breconshire becoming a livestock farmer	No occupation found	Physical sciences
Stephen	Williams	University of Bristol	in , History, as Chartered Tax Adviser and worked for several large firms including PriceWaterhouseCoopers and Grant Thornton, debate on the introduction of same sex marriage	Corporate Tax Advisor	Historical & philosophical studies
Chris	Williamson	De Montfort University	CQSW in 	No occupation found	
Gavin	Williamson	University of Bradford	BSc degree in social sciences	No occupation found	Social studies
Jennifer	Willott	No university found		No occupation found	
Phil	Wilson	No university found		No occupation found	
Rob	Wilson	University of Reading	, edit	Politician	
Sammy	Wilson	Queen's University Belfast	Economics and Politics at both Queen, Finance Minister that Northern Ireland has had in decades	No occupation found	Agriculture & related subjects
David	Winnick	No university found		No occupation found	
Rosie	Winterton	University of Hull	for a BA in History at the University of Hull 	No occupation found	Historical & philosophical studies
Pete	Wishart	No university found		Musician, community worker	
Sarah	Wollaston	King's College London	at King, reputation for being an independent, medicine, taking an additional course in pathology at the same time as her primary course, with a Bachelor of Science degree in Pathology in , in Medicine from King, candidate, rather than the candidate most in favour with the Government	No occupation found	Medicine & dentistry
Mike	Wood	No university found		No occupation found	
John	Woodcock	University of Edinburgh		No occupation found	
Shaun	Woodward	Jesus College, Cambridge	English literature, and Harvard University as a Kennedy Scholar, total of 	No occupation found	Languages
David	Wright	No university found	the , the nickname 	No occupation found	
Iain	Wright	University College London	with a BA in 	No occupation found	
Jeremy	Wright	University of Exeter	Law degree from Exeter University	No occupation found	Law
Simon	Wright	Imperial College London		No occupation found	
Tim	Yeo	Emmanuel College, Cambridge	History and graduated in 	No occupation found	Historical & philosophical studies
George	Young	No university found		No occupation found	
Nadhim	Zahawi	University College London	Chemical Engineering, receiving a BSc, single bill covering both a meter in the stables and one in his house	Member of Parliament	Engineering & technology


Medicine & dentistry	11
Subjects allied to medicine	4
Biological sciences	1
Veterinary sciences	0
Agriculture & related subjects	19
Physical sciences	13
Mathematical sciences	8
Computer sciences	2
Engineering & technology	5
Architecture, building & planning	2
Social studies	165
Law	56
Business & administrative studies	17
Mass communications & documentation	4
Languages	17
Historical & philosophical studies	48
Creative arts & design	1
Education	3
